uid,title,abstract,year,venue,authors,doi,arxiv_id,url,source,query,query_role,family,advisor_seed,citation_count,matched_terms,retrieved_at,relevance_score,hostile_score
doi:10.1007/s11760-026-05439-7,ZeroRel: Multimodal Transformer-Guided Zero-Shot Relationship Retrieval for Generalized Scene Graph Generation,"Abstract Scene Graph Generation (SGG) aims to represent an image’s objects and their pairwise relationships in a structured graph for downstream visual reasoning. However, conventional SGG models struggle with long-tail predicate distributions and closed-world vocabularies, resulting in poor generalization to rare or unseen relationships. We propose a neurosymbolic framework for zero-shot relationship retrieval that addresses these challenges by integrating deep visual features with external commonsense knowledge. Our model first detects objects and refines them via positional overlap and semantic similarity. It then retrieves candidate predicates through two complementary channels: (1) a visual-textual prototype retrieval that aligns subject-object representations with a broad predicate embedding space, and (2) a knowledge graph constrained retrieval that ranks relationships using heter",2026,"Signal, Image and Video Processing",Muhammad Junaid Khan; Adil Masood Siddiqui; Maryam Rasool; Hussain Ali; Umar Ghafoor; Jaleed Khan,10.1007/s11760-026-05439-7,,https://doi.org/10.1007/s11760-026-05439-7,crossref,scene graph robot learning,concept,architecture,,,scene graph robot learning; benchmark; generalization; ablation,2026-06-12T15:07:36Z,18.650,21.650
doi:10.1109/wacv61041.2025.00220,Scene-LLM: Extending Language Model for 3D Visual Reasoning,,2025,2025 IEEE/CVF Winter Conference on Applications of Computer Vision (WACV),Rao Fu; Jingyu Liu; Xilun Chen; Yixin Nie; Wenhan Xiong,10.1109/wacv61041.2025.00220,,https://doi.org/10.1109/wacv61041.2025.00220,crossref,vision language action model limitation robotics,hostile,failure,,12,vision language action model; limitation,2026-06-12T15:07:36Z,15.882,20.882
doi:10.1177/0278364919839761,Semantic–geometric visual place recognition: a new perspective for reconciling opposing views,"Human drivers are capable of recognizing places from a previous journey even when viewing them from the opposite direction during the return trip under radically different environmental conditions, without needing to look back or employ a [Formula: see text] camera or LIDAR sensor. Such navigation capabilities are attributed in large part to the robust semantic scene understanding capabilities of humans. However, for an autonomous robot or vehicle, achieving such human-like visual place recognition capability presents three major challenges: (1) dealing with a limited amount of commonly observable visual content when viewing the same place from the opposite direction; (2) dealing with significant lateral viewpoint changes caused by opposing directions of travel taking place on opposite sides of the road; and (3) dealing with a radically changed scene appearance due to environmental condi",2022,The International Journal of Robotics Research,Sourav Garg; Niko Suenderhauf; Michael Milford,10.1177/0278364919839761,,https://doi.org/10.1177/0278364919839761,crossref,geometric robotics,anti_myopia,anti_thesis,,84,benchmark; robustness; geometric robotics,2026-06-12T15:07:36Z,15.871,20.871
doi:10.1109/icra48891.2023.10160403,Surgical-VQLA:Transformer with Gated Vision-Language Embedding for Visual Question Localized-Answering in Robotic Surgery,,2023,2023 IEEE International Conference on Robotics and Automation (ICRA),Long Bai; Mobarakol Islam; Lalithkumar Seenivasan; Hongliang Ren,10.1109/icra48891.2023.10160403,,https://doi.org/10.1109/icra48891.2023.10160403,crossref,vision language action model limitation robotics,hostile,failure,,25,vision language action model; limitation,2026-06-12T15:07:36Z,15.829,20.829
doi:10.1109/wacvw65960.2025.00115,Evaluating Multimodal Vision-Language Model Prompting Strategies for Visual Question Answering in Road Scene Understanding,,2025,2025 IEEE/CVF Winter Conference on Applications of Computer Vision Workshops (WACVW),Aryan Keskar; Srinivasa Perisetla; Ross Greer,10.1109/wacvw65960.2025.00115,,https://doi.org/10.1109/wacvw65960.2025.00115,crossref,vision language action model limitation robotics,hostile,failure,,10,vision language action model; limitation,2026-06-12T15:07:36Z,15.799,20.799
arxiv:2211.04785v1,Masked Vision-Language Transformers for Scene Text Recognition,"Scene text recognition (STR) enables computers to recognize and read the text in various real-world scenes. Recent STR models benefit from taking linguistic information in addition to visual cues into consideration. We propose a novel Masked Vision-Language Transformers (MVLT) to capture both the explicit and the implicit linguistic information. Our encoder is a Vision Transformer, and our decoder is a multi-modal Transformer. MVLT is trained in two stages: in the first stage, we design a STR-tailored pretraining method based on a masking strategy; in the second stage, we fine-tune our model and adopt an iterative correction method to improve the performance. MVLT attains superior results compared to state-of-the-art STR models on several benchmarks. Our code and model are available at https://github.com/onealwj/MVLT.",2022,arXiv,Jie Wu; Ying Peng; Shengming Zhang; Weigang Qi; Jian Zhang,,2211.04785v1,http://arxiv.org/abs/2211.04785v1,arxiv,vision language action model,concept,architecture,,,vision language action model; benchmark,2026-06-12T15:07:36Z,18.600,20.600
doi:10.3390/buildings15162970,Evaluating Urban Visual Attractiveness Perception Using Multimodal Large Language Model and Street View Images,"Visual attractiveness perception—an individual’s capacity to recognise and evaluate the visual appeal of urban scene safety—has direct implications for well-being, economic vitality, and social cohesion. However, most empirical studies rely on single-source metrics or algorithm-centric pipelines that under-represent human perception. Addressing this gap, we introduce a fully reproducible, multimodal framework that measures and models this domain-specific facet of human intelligence by coupling Generative Pre-trained Transformer 4o (GPT-4o) with 1000 Street View images. The pipeline first elicits pairwise aesthetic judgements from GPT-4o, converts them into a latent attractiveness scale via Thurstone’s law of comparative judgement, and then validates the scale against 1.17 M crowdsourced ratings from MIT’s Place Pulse 2.0 benchmark (Spearman ρ = 0.76, p",2025,Buildings,Qianyu Zhou; Jiaxin Zhang; Zehong Zhu,10.3390/buildings15162970,,https://doi.org/10.3390/buildings15162970,crossref,large language model limitation robot planning,anti_myopia,anti_thesis,,12,limitation; benchmark; large language model limitation robot planning,2026-06-12T15:07:36Z,15.532,20.532
doi:10.1016/j.patcog.2025.111641,Cross-scene visual context parsing with large vision-language model,,2025,Pattern Recognition,Guoqing Zhang; Shichao Kan; Lu Shi; Wanru Xu; Gaoyun An; Yigang Cen,10.1016/j.patcog.2025.111641,,https://doi.org/10.1016/j.patcog.2025.111641,crossref,vision language action model limitation robotics,hostile,failure,,4,vision language action model; limitation,2026-06-12T15:07:36Z,15.405,20.405
doi:10.1109/cvpr52688.2022.01516,Unsupervised Vision-Language Parsing: Seamlessly Bridging Visual Scene Graphs with Language Structures via Dependency Relationships,,2022,2022 IEEE/CVF Conference on Computer Vision and Pattern Recognition (CVPR),Chao Lou; Wenjuan Han; Yuhuan Lin; Zilong Zheng,10.1109/cvpr52688.2022.01516,,https://doi.org/10.1109/cvpr52688.2022.01516,crossref,vision language action model limitation robotics,hostile,failure,,9,vision language action model; limitation,2026-06-12T15:07:36Z,15.151,20.151
doi:10.1609/aaai.v36i5.20536,SGEITL: Scene Graph Enhanced Image-Text Learning for Visual Commonsense Reasoning,"Answering complex questions about images is an ambitious goal for machine intelligence, which requires a joint understanding of images, text, and commonsense knowledge, as well as a strong reasoning ability. Recently, multimodal Transformers have made a great progress in the task of Visual Commonsense Reasoning (VCR), by jointly understanding visual objects and text tokens through layers of cross-modality attention. However, these approaches do not utilize the rich structure of the scene and the interactions between objects which are essential in answering complex commonsense questions. We propose a Scene Graph Enhanced Image-Text Learning (SGEITL) framework to incorporate visual scene graph in commonsense reasoning. In order to exploit the scene graph structure, at the model structure level, we propose a multihop graph transformer for regularizing attention interaction among hops. As fo",2022,Proceedings of the AAAI Conference on Artificial Intelligence,Zhecan Wang; Haoxuan You; Liunian Harold Li; Alireza Zareian; Suji Park; Yiqing Liang; Kai-Wei Chang; Shih-Fu Chang,10.1609/aaai.v36i5.20536,,https://doi.org/10.1609/aaai.v36i5.20536,crossref,scene graph robot learning,concept,architecture,,28,scene graph robot learning,2026-06-12T15:07:36Z,20.084,20.084
doi:10.3390/sym15091768,Accurate Electromagnetic Force Analysis of Offshore Wind Power Transformer Windings Based on Fractional Order Lumped Parameter Model,"Accurate calculation of the electromagnetic force distribution of transformer windings under different loads and fault conditions is of great significance for transformer maintenance, condition evaluation and life prediction. Due to the influence of offshore wind power systems, offshore wind power transformers have high harmonic content and large changes in load rates, which can easily cause the coil destabilization, winding deformation or even damage because of the uneven distribution of the electromagnetic force. To improve the accuracy of electromagnetic force calculation, this paper proposes a fractional order numerical method. First, a three-dimensional axisymmetric transformer model and a symmetrical lumped parameter equivalent circuit model are established, respectively, based on field-circuit coupling. Second, the fractional order approximation of circuit components is realized b",2023,Symmetry,Hui Zhong; Yuheng Zuo; Runze Wang; Li Zhang; Xiaoshan Ouyang,10.3390/sym15091768,,https://doi.org/10.3390/sym15091768,crossref,transformer energy based model robotics,concept,ebm_transformer,,1,energy based model robotics,2026-06-12T15:07:36Z,18.947,19.947
doi:10.3390/robotics14050066,Hybrid Deep Learning Framework for Eye-in-Hand Visual Control Systems,"This work proposes a hybrid deep learning-based framework for visual feedback control in an eye-in-hand robotic system. The framework uses an early fusion approach in which real and synthetic images define the training data. The first layer of a ResNet-18 backbone is augmented to fuse interest-point maps with RGB channels, enabling the network to capture scene geometry better. A manipulator robot with an eye-in-hand configuration provides a reference image, while subsequent poses and images are generated synthetically, removing the need for extensive real data collection. The experimental results reveal that this enriched input representation significantly improves convergence accuracy and velocity smoothness compared to a baseline that processes real images alone. Specifically, including feature point maps allows the network to discriminate crucial elements in the scene, resulting in mo",2025,Robotics,Adrian-Paul Botezatu; Andrei-Iulian Iancu; Adrian Burlacu,10.3390/robotics14050066,,https://doi.org/10.3390/robotics14050066,crossref,classical control robotics,anti_myopia,anti_thesis,,3,visual servoing; robustness; classical control robotics,2026-06-12T15:07:36Z,14.943,19.943
doi:10.1109/lra.2023.3333238,VME-Transformer: Enhancing Visual Memory Encoding for Navigation in Interactive Environments,,2024,IEEE Robotics and Automation Letters,Jiwei Shen; Pengjie Lou; Liang Yuan; Shujing Lyu; Yue Lu,10.1109/lra.2023.3333238,,https://doi.org/10.1109/lra.2023.3333238,crossref,EBM transformer robotics,concept,architecture,,19,EBM transformer robotics,2026-06-12T15:07:36Z,19.898,19.898
doi:10.1109/cvpr.2019.00063,Scene Memory Transformer for Embodied Agents in Long-Horizon Tasks,,2019,2019 IEEE/CVF Conference on Computer Vision and Pattern Recognition (CVPR),Kuan Fang; Alexander Toshev; Li Fei-Fei; Silvio Savarese,10.1109/cvpr.2019.00063,,https://doi.org/10.1109/cvpr.2019.00063,crossref,EBM transformer robotics embodied agent,concept,architecture_x_embodiment,,142,EBM transformer robotics; embodied agent; long horizon,2026-06-12T15:07:36Z,19.881,19.881
doi:10.1016/j.neucom.2025.130729,GPPT: Graph pyramid pooling transformer for visual scene,,2025,Neurocomputing,Zhi-Peng Li; Wen-Jian Liu; Xin Sun; Yi-Jie Pan; Valeriya Gribova; Vladimir Fedorovich Filaretov; Anthony G. Cohn; De-Shuang Huang,10.1016/j.neucom.2025.130729,,https://doi.org/10.1016/j.neucom.2025.130729,crossref,scene graph robot learning,concept,architecture,,10,scene graph robot learning,2026-06-12T15:07:36Z,19.799,19.799
doi:10.1109/lra.2023.3241803,Transformer Memory for Interactive Visual Navigation in Cluttered Environments,,2023,IEEE Robotics and Automation Letters,Weiyuan Li; Ruoxin Hong; Jiwei Shen; Liang Yuan; Yue Lu,10.1109/lra.2023.3241803,,https://doi.org/10.1109/lra.2023.3241803,crossref,EBM transformer robotics,concept,architecture,,23,EBM transformer robotics,2026-06-12T15:07:36Z,19.789,19.789
doi:10.1167/18.5.14,Separate and combined effects of action relevance and motivational value on visual working memory,,2018,Journal of Vision,Anna Heuer; Anna Schubö,10.1167/18.5.14,,https://doi.org/10.1167/18.5.14,crossref,vision language action model limitation robotics,hostile,failure,,20,vision language action model; limitation,2026-06-12T15:07:36Z,14.722,19.722
doi:10.1109/lra.2024.3500882,DINO-MOT: 3D Multi-Object Tracking With Visual Foundation Model for Pedestrian Re-Identification Using Visual Memory Mechanism,,2025,IEEE Robotics and Automation Letters,Min Young Lee; Christina Dao Wen Lee; Jianghao Li; Marcelo H. Ang,10.1109/lra.2024.3500882,,https://doi.org/10.1109/lra.2024.3500882,crossref,robot foundation model failure mode,hostile,failure,,8,robot foundation model; failure mode,2026-06-12T15:07:36Z,15.699,19.699
doi:10.48550/arxiv.2304.01201,Neural Volumetric Memory for Visual Locomotion Control,"Legged robots have the potential to expand the reach of autonomy beyond paved roads. In this work, we consider the difficult problem of locomotion on challenging terrains using a single forward-facing depth camera. Due to the partial observability of the problem, the robot has to rely on past observations to infer the terrain currently beneath it. To solve this problem, we follow the paradigm in computer vision that explicitly models the 3D geometry of the scene and propose Neural Volumetric Memory (NVM), a geometric memory architecture that explicitly accounts for the SE(3) equivariance of the 3D world. NVM aggregates feature volumes from multiple camera views by first bringing them back to the ego-centric frame of the robot. We test the learned visual-locomotion policy on a physical robot and show that our approach, which explicitly introduces geometric priors during training, offers s",2023,arXiv (Cornell University),Ruihan Yang; Ge Yang; Xiaolong Wang,10.48550/arxiv.2304.01201,,https://doi.org/10.48550/arxiv.2304.01201,openalex,energy based transformer robot policy,concept,ebm_transformer,,1,energy based transformer robot policy; partial observability; ablation,2026-06-12T18:05:07Z,18.647,19.647
doi:10.1016/j.visres.2020.05.008,Action-induced changes in the perceived temporal features of visual events,,2020,Vision Research,Inci Ayhan; Duygu Ozbagci,10.1016/j.visres.2020.05.008,,https://doi.org/10.1016/j.visres.2020.05.008,crossref,vision language action model limitation robotics,hostile,failure,,7,vision language action model; limitation,2026-06-12T15:07:36Z,14.640,19.640
doi:10.3390/rs14153709,Scene Changes Understanding Framework Based on Graph Convolutional Networks and Swin Transformer Blocks for Monitoring LCLU Using High-Resolution Remote Sensing Images,"High-resolution remote sensing images with rich land surface structure can provide data support for accurately understanding more detailed change information of land cover and land use (LCLU) at different times. In this study, we present a novel scene change understanding framework for remote sensing which includes scene classification and change detection. To enhance the feature representation of images in scene classification, a robust label semantic relation learning (LSRL) network based on EfficientNet is presented for scene classification. It consists of a semantic relation learning module based on graph convolutional networks and a joint expression learning framework based on similarity. Since the bi-temporal remote sensing image pairs include spectral information in both temporal and spatial dimensions, land cover and land use change monitoring can be improved by using the relatio",2022,Remote Sensing,Sihan Yang; Fei Song; Gwanggil Jeon; Rui Sun,10.3390/rs14153709,,https://doi.org/10.3390/rs14153709,crossref,scene graph robot learning,concept,architecture,,12,scene graph robot learning,2026-06-12T15:07:36Z,19.632,19.632
doi:10.1167/jov.25.9.2697,Learned affordances and action similarity modulate repulsion biases in visual working memory,,2025,Journal of Vision,Caterina Trentin; Chris N.L. Olivers; Heleen A. Slagter,10.1167/jov.25.9.2697,,https://doi.org/10.1167/jov.25.9.2697,crossref,vision language action model limitation robotics,hostile,failure,,,vision language action model; limitation,2026-06-12T15:07:36Z,14.600,19.600
doi:10.1167/jov.24.10.1045,Action planning biases interactions between visual working memory representations,,2024,Journal of Vision,Caterina Trentin; Christian N.L. Olivers; Heleen A. Slagter,10.1167/jov.24.10.1045,,https://doi.org/10.1167/jov.24.10.1045,crossref,vision language action model limitation robotics,hostile,failure,,,vision language action model; limitation,2026-06-12T15:07:36Z,14.400,19.400
doi:10.1167/jov.24.10.344,Flexible allocation of visual selection and action planning during visual working memory,,2024,Journal of Vision,Rose Nasrawi; Freek van Ede,10.1167/jov.24.10.344,,https://doi.org/10.1167/jov.24.10.344,crossref,vision language action model limitation robotics,hostile,failure,,,vision language action model; limitation,2026-06-12T15:07:36Z,14.400,19.400
doi:10.1007/s11633-022-1362-z,Causal Reasoning Meets Visual Representation Learning: A Prospective Study,"Abstract Visual representation learning is ubiquitous in various real-world applications, including visual comprehension, video understanding, multi-modal analysis, human-computer interaction, and urban computing. Due to the emergence of huge amounts of multimodal heterogeneous spatial/temporal/spatial-temporal data in the big data era, the lack of interpretability, robustness, and out-of-distribution generalization are becoming the challenges of the existing visual models. The majority of the existing methods tend to fit the original data/variable distributions and ignore the essential causal relations behind the multi-modal knowledge, which lacks unified guidance and analysis about why modern visual representation learning methods easily collapse into data bias and have limited generalization and cognitive abilities. Inspired by the strong inference ability of human-level agents, recen",2022,Machine Intelligence Research,Yang Liu; Yu-Shen Wei; Hong Yan; Guanbin Li; Liang Lin,10.1007/s11633-022-1362-z,,https://doi.org/10.1007/s11633-022-1362-z,openalex,energy based transformer robot policy,concept,ebm_transformer,,51,energy based transformer robot policy; limitation; benchmark; generalization; out of distribution; robustness,2026-06-12T18:05:07Z,12.376,19.376
arxiv:2501.00358v2,Embodied VideoAgent: Persistent Memory from Egocentric Videos and Embodied Sensors Enables Dynamic Scene Understanding,"This paper investigates the problem of understanding dynamic 3D scenes from egocentric observations, a key challenge in robotics and embodied AI. Unlike prior studies that explored this as long-form video understanding and utilized egocentric video only, we instead propose an LLM-based agent, Embodied VideoAgent, which constructs scene memory from both egocentric video and embodied sensory inputs (e.g. depth and pose sensing). We further introduce a VLM-based approach to automatically update the memory when actions or activities over objects are perceived. Embodied VideoAgent attains significant advantages over counterparts in challenging reasoning and planning tasks in 3D scenes, achieving gains of 4.9% on Ego4D-VQ3D, 5.8% on OpenEQA, and 11.7% on EnvQA. We have also demonstrated its potential in various embodied AI tasks including generating embodied interactions and perception for rob",2024,arXiv,Yue Fan; Xiaojian Ma; Rongpeng Su; Jun Guo; Rujie Wu; Xi Chen; Qing Li,,2501.00358v2,http://arxiv.org/abs/2501.00358v2,arxiv,embodied world model planning control,concept,world_models,,,robot manipulation,2026-06-12T14:45:03Z,19.300,19.300
doi:10.20944/preprints202511.0283.v1,Explainable Transfer Learning of Cross-Dataset in Visual Scene Segmentation,"Semantic segmentation plays a pivotal role in autonomous driving by providing pixel-level scene understanding that is essential for reliable perception and decision-making. transformer-based architectures such as SegFormer have demonstrated state-of-the-art performance on large-scale benchmarks; however, their scalability and generalization to smaller or geographically diverse datasets remain underexplored. In this work, we investigate the scalability and transferability of SegFormer variants (B3, B4, B5) using CamVid as a base dataset, followed by cross-dataset transfer learning to KITTI and IDD. Beyond accuracy, we incorporate explainable AI techniques to assess model interpretability, employing confidence-based heatmaps to reveal class-level reliability and highlight regions of uncertainty in predictions. Our findings show that SegFormer-B5 achieves the highest performance on CamVid (",,,Tanmay Sunil Hatkar; Abhinav Pandey; Saad B. Ahmed,10.20944/preprints202511.0283.v1,,https://doi.org/10.20944/preprints202511.0283.v1,crossref,scene graph robot learning,concept,architecture,,,scene graph robot learning; benchmark; generalization; robustness; deployment,2026-06-12T15:07:36Z,14.300,19.300
doi:10.3389/fmed.2026.1849346,Scene graph-guided uncertainty decomposition improves confidence calibration in surgical visual question answering,"Reliable confidence estimation is essential for surgical visual question answering because overconfident errors may compromise clinical decision support in high-risk settings. However, existing methods typically model predictive uncertainty as a single global quantity, which fails to capture the hierarchical uncertainty arising from ambiguous objects, uncertain tool–tissue interactions, and complex scene context. To address this limitation, we propose a scene graph-guided framework that decomposes uncertainty into object-level, relation-level, and scene-level components and adaptively fuses them for confidence-aware surgical visual question answering. The framework further incorporates Dirichlet-based calibration to improve probabilistic quality and support selective answering. Experiments on the Surgical Scene Graph-Question Answering (SSG-QA) benchmark show that the proposed method ach",2026,Frontiers in Medicine,Junzhuo Song; Yaoxue Xu; Zihan Zhu; Junshuang Zhou; Yuhaohang He; Xirui Chen; Yunsen Liang; Wei Chen; Qiurui Liu; Jun Li,10.3389/fmed.2026.1849346,,https://doi.org/10.3389/fmed.2026.1849346,crossref,scene graph robot learning,concept,architecture,,,scene graph robot learning; limitation; benchmark; ablation,2026-06-12T15:07:36Z,14.300,19.300
doi:10.48550/arxiv.2305.03595,HSCNet++: Hierarchical Scene Coordinate Classification and Regression for Visual Localization with Transformer,"Visual localization is critical to many applications in computer vision and robotics. To address single-image RGB localization, state-of-the-art feature-based methods match local descriptors between a query image and a pre-built 3D model. Recently, deep neural networks have been exploited to regress the mapping between raw pixels and 3D coordinates in the scene, and thus the matching is implicitly performed by the forward pass through the network. However, in a large and ambiguous environment, learning such a regression task directly can be difficult for a single network. In this work, we present a new hierarchical scene coordinate network to predict pixel scene coordinates in a coarse-to-fine manner from a single RGB image. The proposed method, which is an extension of HSCNet, allows us to train compact models which scale robustly to large environments. It sets a new state-of-the-art fo",2023,arXiv (Cornell University),Shuzhe Wang; Zakaria Laskar; Iaroslav Melekhov; Xiaotian Li; Yi Zhao; Giorgos Tolias; Juho Kannala,10.48550/arxiv.2305.03595,,https://doi.org/10.48550/arxiv.2305.03595,openalex,energy based transformer robot policy,concept,ebm_transformer,,1,energy based transformer robot policy,2026-06-12T18:05:07Z,19.297,19.297
doi:10.1109/icra57147.2024.10611205,Exploring Transformers and Visual Transformers for Force Prediction in Human-Robot Collaborative Transportation Tasks,,2024,2024 IEEE International Conference on Robotics and Automation (ICRA),J. E. Domínguez-Vidal; Alberto Sanfeliu,10.1109/icra57147.2024.10611205,,https://doi.org/10.1109/icra57147.2024.10611205,crossref,robotics,concept,crossref_bulk_robotics,,5,,2026-06-12T19:29:26Z,19.296,19.296
doi:10.1109/icra40945.2020.9196638,Are We Ready for Service Robots? The OpenLORIS-Scene Datasets for Lifelong SLAM,"Service robots should be able to operate autonomously in dynamic and daily changing environments over an extended period of time. While Simultaneous Localization And Mapping (SLAM) is one of the most fundamental problems for robotic autonomy, most existing SLAM works are evaluated with data sequences that are recorded in a short period of time. In real-world deployment, there can be out-of-sight scene changes caused by both natural factors and human activities. For example, in home scenarios, most objects may be movable, replaceable or deformable, and the visual features of the same place may be significantly different in some successive days. Such out-of-sight dynamics pose great challenges to the robustness of pose estimation, and hence a robot’s long-term deployment and operation. To differentiate the forementioned problem from the conventional works which are usually evaluated in a s",2020,,Xuesong Shi; Dongjiang Li; Pengpeng Zhao; Qinbin Tian; Yuxin Tian; Qiwei Long; Chunhao Zhu; Jingwei Song; Fei Qiao; Le Song; Yangquan Guo; Zhigang Wang; Yimin Zhang; Baoxing Qin; Wei Yang; Fangshi Wang; Rosa H. M. Chan; Qi She,10.1109/icra40945.2020.9196638,,https://doi.org/10.1109/icra40945.2020.9196638,openalex,robotics,concept,openalex_bulk_robotics,,163,SLAM; benchmark; robustness; deployment,2026-06-12T18:57:17Z,15.250,19.250
doi:10.1609/aaai.v37i2.25335,Superpoint Transformer for 3D Scene Instance Segmentation,"Most existing methods realize 3D instance segmentation by extending those models used for 3D object detection or 3D semantic segmentation. However, these non-straightforward methods suffer from two drawbacks: 1) Imprecise bounding boxes or unsatisfactory semantic predictions limit the performance of the overall 3D instance segmentation framework. 2) Existing method requires a time-consuming intermediate step of aggregation. To address these issues, this paper proposes a novel end-to-end 3D instance segmentation method based on Superpoint Transformer, named as SPFormer. It groups potential features from point clouds into superpoints, and directly predicts instances through query vectors without relying on the results of object detection or semantic segmentation. The key step in this framework is a novel query decoder with transformers that can capture the instance information through the ",2023,Proceedings of the AAAI Conference on Artificial Intelligence,Jiahao Sun; Chunmei Qing; Junpeng Tan; Xiangmin Xu,10.1609/aaai.v37i2.25335,,https://doi.org/10.1609/aaai.v37i2.25335,crossref,3D scene understanding robot manipulation,concept,scene_understanding,,106,robot manipulation; 3D scene understanding; benchmark,2026-06-12T15:07:36Z,18.236,19.236
doi:10.1167/jov.23.9.4884,Action consequences guide visual working memory use,,2023,Journal of Vision,Andre Sahakian; Surya Gayet; Chris Paffen; Stefan Van der Stigchel,10.1167/jov.23.9.4884,,https://doi.org/10.1167/jov.23.9.4884,crossref,vision language action model limitation robotics,hostile,failure,,,vision language action model; limitation,2026-06-12T15:07:36Z,14.200,19.200
doi:10.1167/jov.23.9.5236,Neurophysiological mechanisms of action-modulated prioritization in visual working memory,,2023,Journal of Vision,Caterina Trentin; Christian N.L. Olivers; Heleen A. Slagter,10.1167/jov.23.9.5236,,https://doi.org/10.1167/jov.23.9.5236,crossref,vision language action model limitation robotics,hostile,failure,,,vision language action model; limitation,2026-06-12T15:07:36Z,14.200,19.200
doi:10.1145/3577190.3614122,"HIINT: Historical, Intra- and Inter- personal Dynamics Modeling with Cross-person Memory Transformer","Accurately modeling affect dynamics, which refers to the changes and fluctuations in emotions and affective displays during human conversations, is crucial for understanding human interactions. However, modeling affect dynamics is challenging due to contextual factors, such as the complex and nuanced nature of intra- and inter- personal dependencies. Intrapersonal dependencies refer to the influences and dynamics within an individual, including their affective states and how it evolves over time. Interpersonal dependencies, on the other hand, involve the interactions and dynamics between individuals, encompassing how affective displays are influenced by and influence others during conversations. To address these challenges, we propose a Cross-person Memory Transformer (CPM-T) framework which explicitly models intra- and inter- personal dependencies in multi-modal non-verbal cues. The CPM",2023,INTERNATIONAL CONFERENCE ON MULTIMODAL INTERACTION,Yubin Kim; Dong Won Lee; Paul Pu Liang; Sharifa Alghowinem; Cynthia Breazeal; Hae Won Park,10.1145/3577190.3614122,,https://doi.org/10.1145/3577190.3614122,openalex,transformer energy based model robotics,concept,ebm_transformer,,4,energy based model robotics; robustness; ablation,2026-06-12T18:05:07Z,17.105,19.105
doi:10.1609/aaai.v37i3.25412,VLTinT: Visual-Linguistic Transformer-in-Transformer for Coherent Video Paragraph Captioning,"Video Paragraph Captioning aims to generate a multi-sentence description of an untrimmed video with multiple temporal event locations in a coherent storytelling. Following the human perception process, where the scene is effectively understood by decomposing it into visual (e.g. human, animal) and non-visual components (e.g. action, relations) under the mutual influence of vision and language, we first propose a visual-linguistic (VL) feature. In the proposed VL feature, the scene is modeled by three modalities including (i) a global visual environment; (ii) local visual main agents; (iii) linguistic scene elements. We then introduce an autoregressive Transformer-in-Transformer (TinT) to simultaneously capture the semantic coherence of intra- and inter-event contents within a video. Finally, we present a new VL contrastive loss function to guarantee the learnt embedding features are cons",2023,Proceedings of the AAAI Conference on Artificial Intelligence,Kashu Yamazaki; Khoa Vo; Quang Sang Truong; Bhiksha Raj; Ngan Le,10.1609/aaai.v37i3.25412,,https://doi.org/10.1609/aaai.v37i3.25412,crossref,action transformer,concept,architecture,,36,action transformer; ablation,2026-06-12T15:07:36Z,18.055,19.055
doi:10.3390/bioengineering10030380,Vision–Language Model for Visual Question Answering in Medical Imagery,"In the clinical and healthcare domains, medical images play a critical role. A mature medical visual question answering system (VQA) can improve diagnosis by answering clinical questions presented with a medical image. Despite its enormous potential in the healthcare industry and services, this technology is still in its infancy and is far from practical use. This paper introduces an approach based on a transformer encoder–decoder architecture. Specifically, we extract image features using the vision transformer (ViT) model, and we embed the question using a textual encoder transformer. Then, we concatenate the resulting visual and textual representations and feed them into a multi-modal decoder for generating the answer in an autoregressive way. In the experiments, we validate the proposed model on two VQA datasets for radiology images termed VQA-RAD and PathVQA. The model shows promisi",2023,Bioengineering,Yakoub Bazi; Mohamad Mahmoud Al Rahhal; Laila Bashmal; Mansour Zuair,10.3390/bioengineering10030380,,https://doi.org/10.3390/bioengineering10030380,crossref,vision language action model limitation robotics,hostile,failure,,73,vision language action model; limitation,2026-06-12T15:07:36Z,14.052,19.052
doi:10.1167/jov.22.14.3685,Action intention strengthens visual working memory representations,,2022,Journal of Vision,Caterina Trentin; Christian N.L. Olivers; Heleen A. Slagter,10.1167/jov.22.14.3685,,https://doi.org/10.1167/jov.22.14.3685,crossref,vision language action model limitation robotics,hostile,failure,,,vision language action model; limitation,2026-06-12T15:07:36Z,14.000,19.000
doi:10.1167/jov.22.14.4440,A Foveated Vision-Transformer Model for Scene Classification,,2022,Journal of Vision,Aditya Jonnalagadda; Miguel Eckstein,10.1167/jov.22.14.4440,,https://doi.org/10.1167/jov.22.14.4440,crossref,vision language action model limitation robotics,hostile,failure,,,vision language action model; limitation,2026-06-12T15:07:36Z,14.000,19.000
doi:10.3390/robotics6040038,Cloud-Edge Suppression for Visual Outdoor Navigation,"Outdoor environments pose multiple challenges for the visual navigation of robots, like changing illumination conditions, seasonal changes, dynamic environments and non-planar terrain. Illumination changes are mostly caused by the movement of the Sun and by changing cloud cover. Moving clouds themselves also are a dynamic aspect of a visual scene. For visual homing algorithms, which compute the direction to a previously visited place by comparing the current view with a snapshot taken at that place, in particular, the changing cloud cover poses a problem, since cloud movements do not correspond to movements of the camera and thus constitute misleading information. We propose an edge-filtering method operating on linearly-transformed RGB channels, which reliably detects edges in the ground region of the image while suppressing edges in the sky region. To fulfill this criterion, the factor",2017,Robotics,Annika Hoffmann; Ralf Möller,10.3390/robotics6040038,,https://doi.org/10.3390/robotics6040038,crossref,action transformer robotics,concept,transformers,,2,action transformer,2026-06-12T15:07:36Z,18.949,18.949
doi:10.1109/lra.2025.3629964,Visual Scene Understanding-Based Task Planning for an Efficient Multipurpose Agricultural Robot System,,2025,IEEE Robotics and Automation Letters,Yonghyun Park; Hyoung Il Son,10.1109/lra.2025.3629964,,https://doi.org/10.1109/lra.2025.3629964,crossref,robot world model failure planning,hostile,failure,,1,robot world model; robot world model failure,2026-06-12T15:07:36Z,14.947,18.947
arxiv:2410.15959v6,Diffusion Transformer Policy,"Recent large vision-language-action models pretrained on diverse robot datasets have demonstrated the potential for generalizing to new environments with a few in-domain data. However, those approaches usually predict individual discretized or continuous action by a small action head, which limits the ability in handling diverse action spaces. In contrast, we model the continuous action sequence with a large multi-modal diffusion transformer, dubbed as Diffusion Transformer Policy, in which we directly denoise action chunks by a large transformer model rather than a small action head for action embedding. By leveraging the scaling capability of transformers, the proposed approach can effectively model continuous end-effector actions across large diverse robot datasets, and achieve better generalization performance. Extensive experiments demonstrate the effectiveness and generalization of",2024,arXiv,Zhi Hou; Tianyi Zhang; Yuwen Xiong; Hengjun Pu; Chengyang Zhao; Ronglei Tong; Yu Qiao; Jifeng Dai; Yuntao Chen,,2410.15959v6,http://arxiv.org/abs/2410.15959v6,arxiv,diffusion policy limitation,anti_myopia,anti_thesis,,,vision language action model; diffusion policy; limitation; benchmark; generalization; diffusion policy limitation,2026-06-12T15:07:36Z,11.900,18.900
doi:10.1037/0278-7393.32.1.58,Scene and position specificity in visual memory for objects.,,2006,"Journal of Experimental Psychology: Learning, Memory, and Cognition",Andrew Hollingworth,10.1037/0278-7393.32.1.58,,https://doi.org/10.1037/0278-7393.32.1.58,crossref,scene graph robot learning,concept,architecture,,89,scene graph robot learning,2026-06-12T15:07:36Z,18.850,18.850
arxiv:2507.04047v2,Move to Understand a 3D Scene: Bridging Visual Grounding and Exploration for Efficient and Versatile Embodied Navigation,"Embodied scene understanding requires not only comprehending visual-spatial information that has been observed but also determining where to explore next in the 3D physical world. Existing 3D Vision-Language (3D-VL) models primarily focus on grounding objects in static observations from 3D reconstruction, such as meshes and point clouds, but lack the ability to actively perceive and explore their environment. To address this limitation, we introduce \underline{\textbf{M}}ove \underline{\textbf{t}}o \underline{\textbf{U}}nderstand (\textbf{\model}), a unified framework that integrates active perception with \underline{\textbf{3D}} vision-language learning, enabling embodied agents to effectively explore and understand their environment. This is achieved by three key innovations: 1) Online query-based representation learning, enabling direct spatial memory construction from RGB-D frames, e",2025,arXiv,Ziyu Zhu; Xilin Wang; Yixuan Li; Zhuofan Zhang; Xiaojian Ma; Yixin Chen; Baoxiong Jia; Wei Liang; Qian Yu; Zhidong Deng; Siyuan Huang; Qing Li,,2507.04047v2,http://arxiv.org/abs/2507.04047v2,arxiv,3D scene understanding robot manipulation,concept,scene_understanding,,,robot manipulation; embodied agent; 3D scene understanding; active perception; limitation; benchmark,2026-06-12T15:07:36Z,16.850,18.850
doi:10.48550/arxiv.2305.16338,Think Before You Act: Decision Transformers with Working Memory,"Decision Transformer-based decision-making agents have shown the ability to generalize across multiple tasks. However, their performance relies on massive data and computation. We argue that this inefficiency stems from the forgetting phenomenon, in which a model memorizes its behaviors in parameters throughout training. As a result, training on a new task may deteriorate the model's performance on previous tasks. In contrast to LLMs' implicit memory mechanism, the human brain utilizes distributed memory storage, which helps manage and organize multiple skills efficiently, mitigating the forgetting phenomenon. Inspired by this, we propose a working memory module to store, blend, and retrieve information for different downstream tasks. Evaluation results show that the proposed method improves training efficiency and generalization in Atari games and Meta-World object manipulation tasks. M",2023,arXiv (Cornell University),Jikun Kang; Romain Laroche; Xingdi Yuan; Adam Trischler; Xue Liu; Jie Fu,10.48550/arxiv.2305.16338,,https://doi.org/10.48550/arxiv.2305.16338,openalex,energy based transformer robot policy,concept,ebm_transformer,,5,energy based transformer robot policy; generalization,2026-06-12T18:05:07Z,16.846,18.846
doi:10.1167/12.11.20,Motor action reduces temporal asynchrony between perceived visual changes,,2012,Journal of Vision,X. Corveleyn; J. Lopez-Moliner; Y. Coello,10.1167/12.11.20,,https://doi.org/10.1167/12.11.20,crossref,vision language action model limitation robotics,hostile,failure,,10,vision language action model; limitation,2026-06-12T15:07:36Z,13.799,18.799
doi:10.1037/0278-7393.31.3.396,The Relationship Between Online Visual Representation of a Scene and Long-Term Scene Memory.,,2005,"Journal of Experimental Psychology: Learning, Memory, and Cognition",Andrew Hollingworth,10.1037/0278-7393.31.3.396,,https://doi.org/10.1037/0278-7393.31.3.396,crossref,scene graph robot learning,concept,architecture,,70,scene graph robot learning,2026-06-12T15:07:36Z,18.731,18.731
arxiv:2411.16170v2,CARE Transformer: Mobile-Friendly Linear Visual Transformer via Decoupled Dual Interaction,"Recently, large efforts have been made to design efficient linear-complexity visual Transformers. However, current linear attention models are generally unsuitable to be deployed in resource-constrained mobile devices, due to suffering from either few efficiency gains or significant accuracy drops. In this paper, we propose a new de\textbf{C}oupled du\textbf{A}l-interactive linea\textbf{R} att\textbf{E}ntion (CARE) mechanism, revealing that features' decoupling and interaction can fully unleash the power of linear attention. We first propose an asymmetrical feature decoupling strategy that asymmetrically decouples the learning process for local inductive bias and long-range dependencies, thereby preserving sufficient local and global information while effectively enhancing the efficiency of models. Then, a dynamic memory unit is employed to maintain critical information along the network",2024,arXiv,Yuan Zhou; Qingshan Xu; Jiequan Cui; Junbao Zhou; Jing Zhang; Richang Hong; Hanwang Zhang,,2411.16170v2,http://arxiv.org/abs/2411.16170v2,arxiv,action transformer,concept,architecture,,,action transformer,2026-06-12T14:45:03Z,18.650,18.650
doi:10.1109/tro.2021.3069132,Memory Clustering Using Persistent Homology for Multimodality- and Discontinuity-Sensitive Learning of Optimal Control Warm-Starts,,2021,IEEE Transactions on Robotics,Wolfgang Xaver Merkt; Vladimir Ivan; Traiko Dinev; Ioannis Havoutis; Sethu Vijayakumar,10.1109/tro.2021.3069132,,https://doi.org/10.1109/tro.2021.3069132,crossref,optimal control robot manipulation,anti_myopia,anti_thesis,,11,robot manipulation; optimal control robot manipulation,2026-06-12T15:07:36Z,14.642,18.642
doi:10.1016/j.displa.2026.103356,MeAP: dual level memory strategy augmented transformer based visual object predictor,,2026,Displays,Shiliang Yan; Yinling Wang; Dandan Lu; Min Wang,10.1016/j.displa.2026.103356,,https://doi.org/10.1016/j.displa.2026.103356,crossref,EBM transformer robotics deformable object manipulation,concept,architecture_x_embodiment,,,EBM transformer robotics; deformable object manipulation,2026-06-12T15:07:36Z,18.600,18.600
doi:10.1167/jov.20.11.1017,Prospective action imprinting into visual working memory,,2020,Journal of Vision,Daniela Gresch; Sage E.P. Boettcher; Anna C. Nobre; Freek van Ede,10.1167/jov.20.11.1017,,https://doi.org/10.1167/jov.20.11.1017,crossref,vision language action model limitation robotics,hostile,failure,,,vision language action model; limitation,2026-06-12T15:07:36Z,13.600,18.600
doi:10.1109/icra55743.2025.11128568,Robust Scene Change Detection Using Visual Foundation Models and Cross-Attention Mechanisms,,2025,2025 IEEE International Conference on Robotics and Automation (ICRA),Chun-Jung Lin; Sourav Garg; Tat-Jun Chin; Feras Dayoub,10.1109/icra55743.2025.11128568,,https://doi.org/10.1109/icra55743.2025.11128568,crossref,foundation model limitation robotics,anti_myopia,anti_thesis,,1,limitation; foundation model limitation robotics,2026-06-12T15:07:36Z,14.547,18.547
doi:10.3389/frobt.2021.688275,Vision-Guided MPC for Robotic Path Following Using Learned Memory-Augmented Model,"The control of the interaction between the robot and environment, following a predefined geometric surface path with high accuracy, is a fundamental problem for contact-rich tasks such as machining, polishing, or grinding. Flexible path-following control presents numerous applications in emerging industry fields such as disassembly and recycling, where the control system must adapt to a range of dissimilar object classes, where the properties of the environment are uncertain. We present an end-to-end framework for trajectory-independent robotic path following for contact-rich tasks in the presence of parametric uncertainties. We formulate a combination of model predictive control with image-based path planning and real-time visual feedback, based on a learned state-space dynamic model. For modeling the dynamics of the robot-environment system during contact, we introduce the application ",2021,Frontiers in Robotics and AI,Alireza Rastegarpanah; Jamie Hathaway; Rustam Stolkin,10.3389/frobt.2021.688275,,https://doi.org/10.3389/frobt.2021.688275,crossref,vision language action model limitation robotics,hostile,failure,,15,vision language action model; model predictive control; limitation,2026-06-12T15:07:36Z,12.536,18.536
arxiv:2605.00307v1,A Model-based Visual Contact Localization and Force Sensing System for Compliant Robotic Grippers,"Grasp force estimation can help prevent robots from damaging delicate objects during manipulation and improve learning-based robotic control. Integrating force sensing into deformable grippers negotiates trade-offs in cost, complexity, mechanical robustness, and performance. With the growing integration of RGB-D wrist cameras into robotic systems for control purposes, camera-based techniques are a promising solution for indirect visual force estimation. Current approaches mostly utilize end-to-end deep learning, which can be brittle when generalizing to new scenarios, while existing model-based approaches are unsuited to grasping and modern grasper geometries. To address these challenges, we developed a model-based visual force sensing approach integrating an iterative contact localization with generalization to unseen objects. The system extracts structural key points from wrist camera ",2026,arXiv,Kaiwen Zuo; Shuyuan Yang; Zonghe Chua,,2605.00307v1,http://arxiv.org/abs/2605.00307v1,arxiv,EBM transformer robotics contact rich manipulation,concept,architecture_x_embodiment,,,EBM transformer robotics; contact rich manipulation; generalization; robustness; occlusion,2026-06-12T15:07:36Z,16.500,18.500
doi:10.48550/arxiv.2403.14270,Scene-Graph ViT: End-to-End Open-Vocabulary Visual Relationship Detection,"Visual relationship detection aims to identify objects and their relationships in images. Prior methods approach this task by adding separate relationship modules or decoders to existing object detection architectures. This separation increases complexity and hinders end-to-end training, which limits performance. We propose a simple and highly efficient decoder-free architecture for open-vocabulary visual relationship detection. Our model consists of a Transformer-based image encoder that represents objects as tokens and models their relationships implicitly. To extract relationship information, we introduce an attention mechanism that selects object pairs likely to form a relationship. We provide a single-stage recipe to train this model on a mixture of object and relationship detection data. Our approach achieves state-of-the-art relationship detection performance on Visual Genome and ",2024,arXiv (Cornell University),Tim Salzmann; Markus Ryll; Alex Bewley; Matthias Minderer,10.48550/arxiv.2403.14270,,https://doi.org/10.48550/arxiv.2403.14270,openalex,energy based transformer robot policy,concept,ebm_transformer,,1,energy based transformer robot policy; benchmark; ablation,2026-06-12T18:05:07Z,16.497,18.497
doi:10.1523/jneurosci.2588-17.2018,Neural Representations of Sensorimotor Memory- and Digit Position-Based Load Force Adjustments Before the Onset of Dexterous Object Manipulation,"Anticipatory load forces for dexterous object manipulation in humans are modulated based on visual object property cues, sensorimotor memories of previous experiences with the object, and, when digit positioning varies from trial to trial, the integrating of this sensed variability with force modulation. Studies of the neural representations encoding these anticipatory mechanisms have not considered these mechanisms separately from each other or from feedback mechanisms emerging after lift onset. Here, representational similarity analyses of fMRI data were used to identify neural representations of sensorimotor memories and the sensing and integration of digit position. Cortical activity and movement kinematics were measured as 20 human subjects (11 women) minimized tilt of a symmetrically shaped object with a concealed asymmetric center of mass (CoM, left and right sided). This task req",2018,The Journal of Neuroscience,Michelle Marneweck; Deborah A. Barany; Marco Santello; Scott T. Grafton,10.1523/jneurosci.2588-17.2018,,https://doi.org/10.1523/jneurosci.2588-17.2018,crossref,EBM transformer robotics dexterous manipulation,concept,architecture_x_embodiment,,23,EBM transformer robotics; dexterous manipulation,2026-06-12T15:07:36Z,18.489,18.489
doi:10.1109/tpami.2024.3392941,"A Survey on Efficient Vision Transformers: Algorithms, Techniques, and Performance Benchmarking","Vision Transformer (ViT) architectures are becoming increasingly popular and widely employed to tackle computer vision applications. Their main feature is the capacity to extract global information through the self-attention mechanism, outperforming earlier convolutional neural networks. However, ViT deployment and performance have grown steadily with their size, number of trainable parameters, and operations. Furthermore, self-attention's computational and memory cost quadratically increases with the image resolution. Generally speaking, it is challenging to employ these architectures in real-world applications due to many hardware and environmental restrictions, such as processing and computational capabilities. Therefore, this survey investigates the most efficient methodologies to ensure sub-optimal estimation performances. More in detail, four efficient categories will be analyzed: ",2024,IEEE Transactions on Pattern Analysis and Machine Intelligence,Lorenzo Papa; Paolo Russo; Irene Amerini; Luping Zhou,10.1109/tpami.2024.3392941,,https://doi.org/10.1109/tpami.2024.3392941,openalex,transformer energy based model robotics,concept,ebm_transformer,,98,energy based model robotics; benchmark; deployment,2026-06-12T18:05:07Z,15.448,18.448
title:robotic scene cloning advancing zero shot robotic scene adaptation in manipulation via visual prompt editing,Robotic Scene Cloning:Advancing Zero-Shot Robotic Scene Adaptation in Manipulation via Visual Prompt Editing,"Modern robots can perform a wide range of simple tasks and adapt to diverse scenarios in the well-trained environment. However, deploying pre-trained robot models in real-world user scenarios remains challenging due to their limited zero-shot capabilities, often necessitating extensive on-site data collection. To address this issue, we propose Robotic Scene Cloning (RSC), a novel method designed for scene-specific adaptation by editing existing robot operation trajectories. RSC achieves accurate and scene-consistent sample generation by leveraging a visual prompting mechanism and a carefully tuned condition injection module. Not only transferring textures but also performing moderate shape adaptations in response to the visual prompts, RSC demonstrates reliable task performance across a variety of object types. Experiments across various simulated and real-world environments demonstrate ",2026,ArXiv.org,Binyuan Huang; Yuqing Wen; Yucheng Zhao; Yaosi Hu; Tiancai Wang; Chang Wen Chen; Haoqiang Fan; Zhenzhong Chen,,,https://openalex.org/W7134992680,openalex,energy based transformer robot policy,concept,ebm_transformer,,,energy based transformer robot policy; generalization,2026-06-12T18:05:07Z,16.350,18.350
title:a model based visual contact localization and force sensing system for compliant robotic grippers,A Model-based Visual Contact Localization and Force Sensing System for Compliant Robotic Grippers,"Grasp force estimation can help prevent robots from damaging delicate objects during manipulation and improve learning-based robotic control. Integrating force sensing into deformable grippers negotiates trade-offs in cost, complexity, mechanical robustness, and performance. With the growing integration of RGB-D wrist cameras into robotic systems for control purposes, camera-based techniques are a promising solution for indirect visual force estimation. Current approaches mostly utilize end-to-end deep learning, which can be brittle when generalizing to new scenarios, while existing model-based approaches are unsuited to grasping and modern grasper geometries. To address these challenges, we developed a model-based visual force sensing approach integrating an iterative contact localization with generalization to unseen objects. The system extracts structural key points from wrist camera ",2026,arXiv (Cornell University),Kaiwen Zuo; Shuyuan Yang; Zonghe Chua,,,https://openalex.org/W7160360744,openalex,energy based transformer robot policy,concept,ebm_transformer,,,energy based transformer robot policy; generalization; robustness; occlusion,2026-06-12T18:05:07Z,16.350,18.350
doi:10.1109/icra57147.2024.10611288,Regressing Transformers for Data-efficient Visual Place Recognition,"Visual place recognition is a critical task in computer vision, especially for localization and navigation systems. Existing methods often rely on contrastive learning: image descriptors are trained to have small distance for similar images and larger distance for dissimilar ones in a latent space. However, this approach struggles to ensure accurate distance-based image similarity representation, particularly when training with binary pairwise labels, and complex re-ranking strategies are required. This work introduces a fresh perspective by framing place recognition as a regression problem, using camera field-of-view overlap as similarity ground truth for learning. By optimizing image descriptors to align directly with graded similarity labels, this approach enhances ranking capabilities without expensive re-ranking, offering data-efficient training and strong generalization across seve",2024,,María Leyva-Vallina; Nicola Strisciuglio; Nicolai Petkov,10.1109/icra57147.2024.10611288,,https://doi.org/10.1109/icra57147.2024.10611288,openalex,transformer energy based model robotics,concept,ebm_transformer,,2,energy based model robotics; benchmark; generalization,2026-06-12T18:05:07Z,16.349,18.349
doi:10.3390/aerospace12020073,Development and Evaluation of Transformer-Based Basic Fighter Maneuver Decision-Support Scheme for Piloting During Within-Visual-Range Air Combat,"In within-visual-range (WVR) air combat, basic fighter maneuvers (BFMs) are widely used. Air combat engagement database (ACED) is a dedicated database for researching WVR air combat. Utilizing the data in ACED, a Transformer-based BFM decision support scheme is developed to enhance the pilot’s BFM decision making in WVR air combat. The proposed Transformer-based model significantly outperforms the baseline long short-term memory (LSTM)-based model in accuracy. To augment the interpretability of this approach, Shapley Additive Explanation (SHAP) analysis is employed, exhibiting the rationality of the Transformer-based model’s decisions. Furthermore, this study establishes a comprehensive framework for evaluating air combat performance, validated through the utilization of data from ACED. The application of the framework in WVR air combat experiments shows that the Transformer-based model ",2025,Aerospace,Yiqun Dong; Shanshan He; Yunmei Zhao; Jianliang Ai; Can Wang,10.3390/aerospace12020073,,https://doi.org/10.3390/aerospace12020073,crossref,decision transformer robotics,concept,architecture,,3,decision transformer robotics,2026-06-12T15:07:36Z,17.343,18.343
doi:10.21203/rs.3.rs-6151449/v1,Lighting-Resilient Pedestrian Trajectory Prediction: A Hybrid Vision Transformer and Convolutional LSTMApproach with Dynamic Lighting Augmentation,"Abstract Pedestrian trajectory prediction in dynamic and variable lighting environments presents significant challenges for traditional models, which often struggle to maintain the accuracy and robustness under such conditions. To address these limitations, we propose a novel hybrid model that integrates Vision Transformers (ViTs) with convolutional Long Short-Term Memory (ConvLSTM) networks. This model leverages the global contextual awareness of ViTs and the spatiotemporal modeling capabilities of the ConvLSTM to enhance trajectory prediction accuracy. The proposed model is further strengthened by incorporating dynamic lighting condition augmentation and contrastive spatiotemporal learning, which improves its generalization across diverse real-world scenarios. Our extensive evaluation using the KAIST Multispectral Pedestrian Dataset demonstrates that the proposed model significantly ou",,,J Premasagar; Sudha Pelluri,10.21203/rs.3.rs-6151449/v1,,https://doi.org/10.21203/rs.3.rs-6151449/v1,crossref,trajectory transformer,concept,architecture,,,trajectory transformer; limitation; benchmark; generalization; robustness; occlusion; deployment,2026-06-12T15:07:36Z,11.300,18.300
doi:10.3390/s26113541,Sensing the Action: Rethinking Sensor Modalities and Multi-Modal Fusion in Vision–Language–Action Models for Robotic Manipulation,"Recent Vision–Language–Action (VLA) models have rapidly emerged as general-purpose robotic policies that integrate language understanding, visual perception, and robot control. However, prior studies and surveys have primarily emphasized backbone architectures, action decoders, training recipes, and benchmark performance, whereas relatively limited systematic attention has been given to sensor modality selection, heterogeneous signal alignment and fusion, and their connection to action generation, all of which are critical to the performance and safety of real-world robotic manipulation. This survey addresses this gap by reinterpreting VLA within the framework of a sensor–fusion–action pipeline. This study first presents a systematic taxonomy of major sensor modalities, including RGB, depth, tactile sensing, force/torque, proprioception and inertial measurement unit, multi-spectral/therm",2026,Sensors,Byoung Chul Ko,10.3390/s26113541,,https://doi.org/10.3390/s26113541,crossref,vision language action model limitation robotics,hostile,failure,,,vision language action model; proprioception; teleoperation; failure mode; limitation; benchmark; robustness; deployment; latency,2026-06-12T14:45:03Z,9.300,18.300
doi:10.1109/crv.2018.00033,Semantic Scene Models for Visual Localization under Large Viewpoint Changes,,2018,2018 15th Conference on Computer and Robot Vision (CRV),Jimmy Li; Zhaoqi Xu; David Meger; Gregory Dudek,10.1109/crv.2018.00033,,https://doi.org/10.1109/crv.2018.00033,crossref,scene graph robot learning,concept,architecture,,8,scene graph robot learning,2026-06-12T15:07:36Z,18.299,18.299
arxiv:2410.03522v2,HMT-Grasp: A Hybrid Mamba-Transformer Approach for Robot Grasping in Cluttered Environments,"Robot grasping, whether handling isolated objects, cluttered items, or stacked objects, plays a critical role in industrial and service applications. However, current visual grasp detection methods based on Convolutional Neural Networks (CNNs) and Vision Transformers (ViTs) often struggle to adapt to diverse scenarios, as they tend to emphasize either local or global features exclusively, neglecting complementary cues. In this paper, we propose a novel hybrid Mamba-Transformer approach to address these challenges. Our method improves robotic visual grasping by effectively capturing both global and local information through the integration of Vision Mamba and parallel convolutional-transformer blocks. This hybrid architecture significantly improves adaptability, precision, and flexibility across various robotic tasks. To ensure a fair evaluation, we conducted extensive experiments on the ",2024,arXiv,Songsong Xiong; Hamidreza Kasaei,,2410.03522v2,http://arxiv.org/abs/2410.03522v2,arxiv,analytical grasping,anti_myopia,anti_thesis,,,analytical grasping,2026-06-12T15:07:36Z,14.250,18.250
doi:10.55277/researchhub.6gsl1yjk,Persistent Memory as a Bottleneck in Long-Horizon Large Language Model Workflows,,2026,,mahesh g,10.55277/researchhub.6gsl1yjk,,https://doi.org/10.55277/researchhub.6gsl1yjk,crossref,large language model limitation robot planning,anti_myopia,anti_thesis,,,limitation; long horizon; large language model limitation robot planning,2026-06-12T15:07:36Z,14.200,18.200
doi:10.1167/18.10.705,The Mental Muscle: Effects of Concurrent Effortful Physical Action on Visual Working Memory,,2018,Journal of Vision,Marcus Cappiello; Weizhen Xie; Weiwei Zhang,10.1167/18.10.705,,https://doi.org/10.1167/18.10.705,crossref,vision language action model limitation robotics,hostile,failure,,,vision language action model; limitation,2026-06-12T15:07:36Z,13.200,18.200
doi:10.1007/s10015-012-0074-9,Experimental evaluation of teleoperation system with force-free control and visual servo control by human operator perception,,2013,Artificial Life and Robotics,Achala Pallegedara; Yoshitaka Matsuda; Naruto Egashira; Takenao Sugi; Satoru Goto,10.1007/s10015-012-0074-9,,https://doi.org/10.1007/s10015-012-0074-9,crossref,classical control robotics,anti_myopia,anti_thesis,,6,teleoperation; classical control robotics,2026-06-12T15:07:36Z,13.173,18.173
arxiv:2511.09516v1,MAP-VLA: Memory-Augmented Prompting for Vision-Language-Action Model in Robotic Manipulation,"Pre-trained Vision-Language-Action (VLA) models have achieved remarkable success in improving robustness and generalization for end-to-end robotic manipulation. However, these models struggle with long-horizon tasks due to their lack of memory and reliance solely on immediate sensory inputs. To address this limitation, we propose Memory-Augmented Prompting for Vision-Language-Action model (MAP-VLA), a novel framework that empowers pre-trained VLA models with demonstration-derived memory prompts to augment action generation for long-horizon robotic manipulation tasks. To achieve this, MAP-VLA first constructs a memory library from historical demonstrations, where each memory unit captures information about a specific stage of a task. These memory units are implemented as learnable soft prompts optimized through prompt tuning. Then, during real-time task execution, MAP-VLA retrieves releva",2025,arXiv,Runhao Li; Wenkai Guo; Zhenyu Wu; Changyuan Wang; Haoyuan Deng; Zhenyu Weng; Yap-Peng Tan; Ziwei Wang,,2511.09516v1,http://arxiv.org/abs/2511.09516v1,arxiv,vision language action model limitation robotics,hostile,failure,,,vision language action model; limitation; benchmark; generalization; robustness; long horizon,2026-06-12T14:45:03Z,10.150,18.150
doi:10.3390/robotics12040114,SceneGATE: Scene-Graph Based Co-Attention Networks for Text Visual Question Answering,"Visual Question Answering (VQA) models fail catastrophically on questions related to the reading of text-carrying images. However, TextVQA aims to answer questions by understanding the scene texts in an image–question context, such as the brand name of a product or the time on a clock from an image. Most TextVQA approaches focus on objects and scene text detection, which are then integrated with the words in a question by a simple transformer encoder. The focus of these approaches is to use shared weights during the training of a multi-modal dataset, but it fails to capture the semantic relations between an image and a question. In this paper, we proposed a Scene Graph-Based Co-Attention Network (SceneGATE) for TextVQA, which reveals the semantic relations among the objects, the Optical Character Recognition (OCR) tokens and the question words. It is achieved by a TextVQA-based scene gra",2023,Robotics,Feiqi Cao; Siwen Luo; Felipe Nunez; Zean Wen; Josiah Poon; Soyeon Caren Han,10.3390/robotics12040114,,https://doi.org/10.3390/robotics12040114,crossref,scene graph robot learning,concept,architecture,,5,scene graph robot learning; benchmark,2026-06-12T15:07:36Z,17.146,18.146
arxiv:2509.06201v1,Grasp-MPC: Closed-Loop Visual Grasping via Value-Guided Model Predictive Control,"Grasping of diverse objects in unstructured environments remains a significant challenge. Open-loop grasping methods, effective in controlled settings, struggle in cluttered environments. Grasp prediction errors and object pose changes during grasping are the main causes of failure. In contrast, closed-loop methods address these challenges in simplified settings (e.g., single object on a table) on a limited set of objects, with no path to generalization. We propose Grasp-MPC, a closed-loop 6-DoF vision-based grasping policy designed for robust and reactive grasping of novel objects in cluttered environments. Grasp-MPC incorporates a value function, trained on visual observations from a large-scale synthetic dataset of 2 million grasp trajectories that include successful and failed attempts. We deploy this learned value function in an MPC framework in combination with other cost terms tha",2025,arXiv,Jun Yamada; Adithyavairavan Murali; Ajay Mandlekar; Clemens Eppner; Ingmar Posner; Balakumar Sundaralingam,,2509.06201v1,http://arxiv.org/abs/2509.06201v1,arxiv,analytical grasping,anti_myopia,anti_thesis,,,diffusion policy; model predictive control; generalization; analytical grasping,2026-06-12T15:07:36Z,12.100,18.100
doi:10.1609/aaai.v40i22.38885,History-Enhanced Two-Stage Transformer for Aerial Vision-and-Language Navigation,"Aerial Vision-and-Language Navigation (AVLN) requires Unmanned Aerial Vehicle (UAV) agents to localize targets in large-scale urban environments based on linguistic instructions. While successful navigation demands both global environmental reasoning and local scene comprehension, existing UAV agents typically adopt mono-granularity frameworks that struggle to balance these two aspects. To address this limitation, this work proposes a History-Enhanced Two-Stage Transformer (HETT) framework, which integrates the two aspects through a coarse-to-fine navigation pipeline. Specifically, HETT first predicts coarse-grained target positions by fusing spatial landmarks and historical context, then refines actions via fine-grained visual analysis. In addition, a historical grid map is designed to dynamically aggregate visual features into a structured spatial memory, enhancing comprehensive scene ",2026,Proceedings of the AAAI Conference on Artificial Intelligence,Xichen Ding; Jianzhe Gao; Cong Pan; Wenguan Wang; Jie Qin,10.1609/aaai.v40i22.38885,,https://doi.org/10.1609/aaai.v40i22.38885,openalex,energy based transformer robot policy,concept,ebm_transformer,,,energy based transformer robot policy; limitation; ablation,2026-06-12T18:05:07Z,16.050,18.050
doi:10.3390/robotics8010003,Indoor Scene and Position Recognition Based on Visual Landmarks Obtained from Visual Saliency without Human Effect,"Numerous autonomous robots are used not only for factory automation as labor saving devices, but also for interaction and communication with humans in our daily life. Although superior compatibility for semantic recognition of generic objects provides wide applications in a practical use, it is still a challenging task to create an extraction method that includes robustness and stability against environmental changes. This paper proposes a novel method of scene and position recognition based on visual landmarks (VLs) used for an autonomous mobile robot in an environment living with humans. The proposed method provides a mask image of human regions using histograms of oriented gradients (HOG). The VL features are described with accelerated KAZE (AKAZE) after extracting conspicuous regions obtained using saliency maps (SMs). The experimentally obtained results using leave-one-out cross val",2019,Robotics,Hirokazu Madokoro; Kazuhito Sato; Nobuhiro Shimoi,10.3390/robotics8010003,,https://doi.org/10.3390/robotics8010003,crossref,score based policy robotics,concept,diffusion,,2,benchmark; robustness,2026-06-12T15:07:36Z,15.999,17.999
doi:10.48550/arxiv.1911.05603,Are We Ready for Service Robots? The OpenLORIS-Scene Datasets for Lifelong SLAM,"Service robots should be able to operate autonomously in dynamic and daily changing environments over an extended period of time. While Simultaneous Localization And Mapping (SLAM) is one of the most fundamental problems for robotic autonomy, most existing SLAM works are evaluated with data sequences that are recorded in a short period of time. In real-world deployment, there can be out-of-sight scene changes caused by both natural factors and human activities. For example, in home scenarios, most objects may be movable, replaceable or deformable, and the visual features of the same place may be significantly different in some successive days. Such out-of-sight dynamics pose great challenges to the robustness of pose estimation, and hence a robot's long-term deployment and operation. To differentiate the forementioned problem from the conventional works which are usually evaluated in a s",2019,arXiv (Cornell University),Xuesong Shi; Dongjiang Li; Pengpeng Zhao; Qinbin Tian; Yuxin Tian; Qiwei Long; Chunhao Zhu; Jingwei Song; Fei Qiao; Le Song; Yangquan Guo; Zhigang Wang; Yimin Zhang; Baoxing Qin; Wei Yang; Fangshi Wang; Rosa H. M. Chan; Qi She,10.48550/arxiv.1911.05603,,https://doi.org/10.48550/arxiv.1911.05603,openalex,robotics,concept,openalex_bulk_robotics,,19,SLAM; benchmark; robustness; deployment,2026-06-12T18:57:17Z,13.998,17.998
doi:10.1038/s41598-025-31558-1,A novel deep transformer based CvT model for sign language recognition in visual communication,"Abstract Sign language serves as a crucial mode of communication for the deaf and hard-of-hearing communities, enabling effective interaction in daily life. With the growing advancements in Artificial Intelligence (AI) and computer vision, there has been a significant shift toward automating SLR, making communication more accessible and inclusive. Traditional AI-based approaches, such as rule-based and statistical models, struggle to handle complex hand gestures, varying lighting conditions, and occlusions. Deep learning-based methods, particularly Convolutional Neural Networks (CNNs), have improved recognition capabilities, but they often fail to capture intricate spatial and temporal dependencies that are essential for accurate classification. To address these limitations, vision transformers (ViTs) have emerged as a breakthrough technology, offering superior feature extraction through",2025,Scientific Reports,Jing Hao; Hezhe Pan,10.1038/s41598-025-31558-1,,https://doi.org/10.1038/s41598-025-31558-1,crossref,transformer energy based model robotics,concept,ebm_transformer,,,energy based model robotics; limitation; generalization; occlusion,2026-06-12T15:07:36Z,15.950,17.950
arxiv:2409.15250v3,ReVLA: Reverting Visual Domain Limitation of Robotic Foundation Models,"Recent progress in large language models and access to large-scale robotic datasets has sparked a paradigm shift in robotics models transforming them into generalists able to adapt to various tasks, scenes, and robot modalities. A large step for the community are open Vision Language Action models which showcase strong performance in a wide variety of tasks. In this work, we study the visual generalization capabilities of three existing robotic foundation models, and propose a corresponding evaluation framework. Our study shows that the existing models do not exhibit robustness to visual out-of-domain scenarios. This is potentially caused by limited variations in the training data and/or catastrophic forgetting, leading to domain limitations in the vision foundation models. We further explore OpenVLA, which uses two pre-trained vision foundation models and is, therefore, expected to gene",2024,arXiv,Sombit Dey; Jan-Nico Zaech; Nikolay Nikolov; Luc Van Gool; Danda Pani Paudel,,2409.15250v3,http://arxiv.org/abs/2409.15250v3,arxiv,robot foundation model failure mode,hostile,failure,,,vision language action model; robot foundation model; failure mode; limitation; generalization; robustness,2026-06-12T14:45:03Z,9.950,17.950
arxiv:2206.05712v1,Graph-based Spatial Transformer with Memory Replay for Multi-future Pedestrian Trajectory Prediction,"Pedestrian trajectory prediction is an essential and challenging task for a variety of real-life applications such as autonomous driving and robotic motion planning. Besides generating a single future path, predicting multiple plausible future paths is becoming popular in some recent work on trajectory prediction. However, existing methods typically emphasize spatial interactions between pedestrians and surrounding areas but ignore the smoothness and temporal consistency of predictions. Our model aims to forecast multiple paths based on a historical trajectory by modeling multi-scale graph-based spatial transformers combined with a trajectory smoothing algorithm named ``Memory Replay'' utilizing a memory graph. Our method can comprehensively exploit the spatial information as well as correct the temporally inconsistent trajectories (e.g., sharp turns). We also propose a new evaluation me",2022,arXiv,Lihuan Li; Maurice Pagnucco; Yang Song,,2206.05712v1,http://arxiv.org/abs/2206.05712v1,arxiv,trajectory transformer,concept,architecture,,,trajectory transformer; motion planning,2026-06-12T15:07:36Z,15.900,17.900
arxiv:2207.05006v1,TASKOGRAPHY: Evaluating robot task planning over large 3D scene graphs,"3D scene graphs (3DSGs) are an emerging description; unifying symbolic, topological, and metric scene representations. However, typical 3DSGs contain hundreds of objects and symbols even for small environments; rendering task planning on the full graph impractical. We construct TASKOGRAPHY, the first large-scale robotic task planning benchmark over 3DSGs. While most benchmarking efforts in this area focus on vision-based planning, we systematically study symbolic planning, to decouple planning performance from visual representation learning. We observe that, among existing methods, neither classical nor learning-based planners are capable of real-time planning over full 3DSGs. Enabling real-time planning demands progress on both (a) sparsifying 3DSGs for tractable planning and (b) designing planners that better exploit 3DSG hierarchies. Towards the former goal, we propose SCRUB, a task-c",2022,arXiv,Christopher Agia; Krishna Murthy Jatavallabhula; Mohamed Khodeir; Ondrej Miksik; Vibhav Vineet; Mustafa Mukadam; Liam Paull; Florian Shkurti,,2207.05006v1,http://arxiv.org/abs/2207.05006v1,arxiv,robot world model failure planning,hostile,failure,,,robot world model; benchmark; robot world model failure,2026-06-12T14:45:03Z,11.900,17.900
doi:10.4018/ijcini.386767,Visual Multi Feature Fusion for Precise Robot Grasping,"Traditional robotic grasping methods that rely on a single visual feature often fail to adapt to complex environments involving variable illumination, target occlusion, or textured backgrounds. These limitations significantly reduce the robustness of grasping performance. To address this, the present study proposes a robotic grasping approach based on visual multi-feature fusion, integrating color, shape, and texture information to enhance target recognition and decision-making reliability. A weighted fusion model dynamically adjusts the importance of each feature based on scene conditions. Deep learning techniques are employed to optimize both feature extraction and fusion strategies, thereby improving adaptability and accuracy. Experimental results demonstrate that the proposed method exhibits strong robustness and generalization across a variety of challenging scenarios, including une",2025,International Journal of Cognitive Informatics and Natural Intelligence,Hui Chang; Zexiang Liu,10.4018/ijcini.386767,,https://doi.org/10.4018/ijcini.386767,crossref,analytical grasping,anti_myopia,anti_thesis,,,limitation; generalization; robustness; occlusion; analytical grasping,2026-06-12T15:07:36Z,11.900,17.900
doi:10.26599/cvm.2025.9450383,Swin3D: A Pretrained Transformer Backbone for 3D Indoor Scene Understanding,,2025,Computational Visual Media,Yu-Qi Yang; Yu-Xiao Guo; Jian-Yu Xiong; Yang Liu; Hao Pan; Peng-Shuai Wang; Xin Tong; Baining Guo,10.26599/cvm.2025.9450383,,https://doi.org/10.26599/cvm.2025.9450383,crossref,3D scene understanding robot manipulation,concept,scene_understanding,,94,robot manipulation; 3D scene understanding,2026-06-12T15:07:36Z,17.877,17.877
arxiv:2603.19137v1,GSMem: 3D Gaussian Splatting as Persistent Spatial Memory for Zero-Shot Embodied Exploration and Reasoning,"Effective embodied exploration requires agents to accumulate and retain spatial knowledge over time. However, existing scene representations, such as discrete scene graphs or static view-based snapshots, lack \textit{post-hoc re-observability}. If an initial observation misses a target, the resulting memory omission is often irrecoverable. To bridge this gap, we propose \textbf{GSMem}, a zero-shot embodied exploration and reasoning framework built upon 3D Gaussian Splatting (3DGS). By explicitly parameterizing continuous geometry and dense appearance, 3DGS serves as a persistent spatial memory that endows the agent with \textit{Spatial Recollection}: the ability to render photorealistic novel views from optimal, previously unoccupied viewpoints. To operationalize this, GSMem employs a retrieval mechanism that simultaneously leverages parallel object-level scene graphs and semantic-level ",2026,arXiv,Yiren Lu; Yi Du; Disheng Liu; Yunlai Zhou; Chen Wang; Yu Yin,,2603.19137v1,http://arxiv.org/abs/2603.19137v1,arxiv,Gaussian splatting robot perception embodied agent,concept,architecture_x_embodiment,,,Gaussian splatting robot perception; embodied agent; robustness,2026-06-12T15:07:36Z,16.850,17.850
arxiv:2505.20032v3,ViTaPEs: Visuotactile Position Encodings for Cross-Modal Alignment in Multimodal Transformers,"Tactile sensing provides local essential information that is complementary to visual perception, such as texture, compliance, and force. Despite recent advances in visuotactile representation learning, challenges remain in fusing these modalities and generalizing across tasks and environments without heavy reliance on pre-trained vision-language models. Moreover, existing methods do not study positional encodings, thereby overlooking the multi-stage spatial reasoning needed to capture fine-grained visuotactile correlations. We introduce ViTaPEs, a transformer-based architecture for learning task-agnostic visuotactile representations from paired vision and tactile inputs. Our key idea is a two-stage positional injection: local (modality-specific) positional encodings are added within each stream, and a global positional encoding is added on the joint token sequence immediately before atte",2025,arXiv,Fotios Lygerakis; Ozan Özdenizci; Elmar Rückert,,2505.20032v3,http://arxiv.org/abs/2505.20032v3,arxiv,visuotactile robot manipulation,concept,tactile,,,robot manipulation; generalization; ablation,2026-06-12T14:45:03Z,15.850,17.850
arxiv:2509.22407v2,EMMA: Generalizing Real-World Robot Manipulation via Generative Visual Transfer,"The generalization of vision-language-action (VLA) models heavily relies on diverse training data. However, acquiring large-scale data for robot manipulation across varied object appearances is costly and labor-intensive. To address this limitation, we introduce Embodied Manipulation Media Adaptation (EMMA), a framework for augmenting VLA policies that combines a generative data engine with an effective training pipeline. We introduce DreamTransfer, a diffusion Transformer-based architecture for generating multi-view consistent and geometrically grounded embodied manipulation videos. DreamTransfer enables visual editing of robot videos through prompts, allowing for changes to the foreground, background, and lighting while preserving their 3D structure and geometric validity. We also utilize a hybrid training set of real and generated data and propose AdaMix to enhance the training proces",2025,arXiv,Zhehao Dong; Xiaofeng Wang; Zheng Zhu; Yirui Wang; Yang Wang; Yukun Zhou; Boyuan Wang; Chaojun Ni; Runqi Ouyang; Wenkang Qin; Xinze Chen; Yun Ye; Guan Huang; Zhen Lu; Yue Yang,,2509.22407v2,http://arxiv.org/abs/2509.22407v2,arxiv,sim to real robot manipulation,concept,sim2real,,,robot manipulation; limitation; generalization,2026-06-12T14:45:03Z,13.850,17.850
doi:10.3390/electronics13214175,SS-Trans (Single-Stream Transformer for Multimodal Sentiment Analysis and Emotion Recognition): The Emotion Whisperer—A Single-Stream Transformer for Multimodal Sentiment Analysis,"Multimodal sentiment analysis enables machines to interact with people more naturally. The integration of multimodalities can enhance the machines’ ability to accurately predict emotions. The main obstacle to multimodal sentiment analysis is integrating information from different modalities. Previous research has used a variety of techniques, including long short-term memory networks (LSTM) and transformers. However, traditional fusion methods cannot better utilize the information from each modality, and some intra- and inter-modal features may be overlooked due to possible differences in feature representations. Therefore, to address this problem, we use a combined transformer that can connect different modal inputs and introduce SS-Trans (Single-Stream Transformer for Multimodal Sentiment Analysis and Emotion Recognition), a single-stream transformer that fuses textual, visual, and spe",2024,Electronics,Mingyu Ji; Ning Wei; Jiawei Zhou; Xin Wang,10.3390/electronics13214175,,https://doi.org/10.3390/electronics13214175,crossref,action transformer,concept,architecture,,7,action transformer; ablation,2026-06-12T15:07:36Z,16.840,17.840
doi:10.1167/16.12.23,Neural coding of action planning: visual processing or visual memory?,,2016,Journal of Vision,Simona Monaco; Elisa Pellencin; Malfatti Giulia; Turella Luca,10.1167/16.12.23,,https://doi.org/10.1167/16.12.23,crossref,vision language action model limitation robotics,hostile,failure,,,vision language action model; limitation,2026-06-12T15:07:36Z,12.800,17.800
doi:10.1007/s42452-025-06478-4,TXtreme: transformer-based extreme value prediction framework for time series forecasting,"Time Series Forecasting (TSF) is crucial in various real-world applications such as climate forecasting and electricity demand prediction. Unlike traditional datasets, time series data points are influenced by their past values, necessitating specialized techniques to model these sequential dependencies specifically addressing non-linear patterns, abrupt changes, and outliers. The latest advancements have significantly enhanced TSF using machine learning and other methods. However, forecasting extreme events remains challenging. Extreme values, although rare, have significant real-world impacts such as heavy rainfall, fluctuations in electricity demand, and traffic surges. This paper proposes a TXtreme framework that uses Long-Short memory network, feed-forward neural network, and transformer to improve time series forecasting under extreme values. The model also uses statistical methods",2025,Discover Applied Sciences,Hemant Yadav; Amit Thakkar,10.1007/s42452-025-06478-4,,https://doi.org/10.1007/s42452-025-06478-4,openalex,energy based transformer robot policy,concept,ebm_transformer,,8,energy based transformer robot policy; generalization; robustness,2026-06-12T18:05:07Z,14.799,17.799
doi:10.1109/iros.2012.6385493,Bio-inspired visual memory for robot cognitive map building and scene recognition,,2012,2012 IEEE/RSJ International Conference on Intelligent Robots and Systems,Karima Rebai; Ouahiba Azouaoui; Nouara Achour,10.1109/iros.2012.6385493,,https://doi.org/10.1109/iros.2012.6385493,crossref,scene graph robot learning,concept,architecture,,9,scene graph robot learning,2026-06-12T15:07:36Z,17.751,17.751
doi:10.1016/j.nlm.2009.07.003,"Effects of rodent prefrontal lesions on object-based, visual scene memory",,2009,Neurobiology of Learning and Memory,William E. DeCoteau; Daniel McElvaine; Linnea Smolentzov; Raymond P. Kesner,10.1016/j.nlm.2009.07.003,,https://doi.org/10.1016/j.nlm.2009.07.003,crossref,scene graph robot learning,concept,architecture,,9,scene graph robot learning,2026-06-12T15:07:36Z,17.751,17.751
doi:10.1162/neco_a_01412,"Emergence of Content-Agnostic Information Processing by a Robot Using Active Inference, Visual Attention, Working Memory, and Planning","Generalization by learning is an essential cognitive competency for humans. For example, we can manipulate even unfamiliar objects and can generate mental images before enacting a preplan. How is this possible? Our study investigated this problem by revisiting our previous study (Jung, Matsumoto, & Tani, 2019), which examined the problem of vision-based, goal-directed planning by robots performing a task of block stacking. By extending the previous study, our work introduces a large network comprising dynamically interacting submodules, including visual working memory (VWMs), a visual attention module, and an executive network. The executive network predicts motor signals, visual images, and various controls for attention, as well as masking of visual information. The most significant difference from the previous study is that our current model contains an additional VWM. The entire netw",2021,Neural Computation,Jeffrey Queißer; Minju Jung; Takazumi Matsumoto; Jun Tani,10.1162/neco_a_01412,,https://doi.org/10.1162/neco_a_01412,openalex,transformer energy based model robotics,concept,ebm_transformer,,10,energy based model robotics; generalization,2026-06-12T18:05:07Z,16.749,17.749
doi:10.1609/aaai.v35i2.16231,Dynamic Graph Representation Learning for Video Dialog via Multi-Modal Shuffled Transformers,"Given an input video, its associated audio, and a brief caption, the audio-visual scene aware dialog (AVSD) task requires an agent to indulge in a question-answer dialog with a human about the audio-visual content. This task thus poses a challenging multi-modal representation learning and reasoning scenario, advancements into which could influence several human-machine interaction applications. To solve this task, we introduce a semantics-controlled multi-modal shuffled Transformer reasoning framework, consisting of a sequence of Transformer modules, each taking a modality as input and producing representations conditioned on the input question. Our proposed Transformer variant uses a shuffling scheme on their multi-head outputs, demonstrating better regularization. To encode fine-grained visual information, we present a novel dynamic scene graph representation learning pipeline that con",2021,Proceedings of the AAAI Conference on Artificial Intelligence,Shijie Geng; Peng Gao; Moitreya Chatterjee; Chiori Hori; Jonathan Le Roux; Yongfeng Zhang; Hongsheng Li; Anoop Cherian,10.1609/aaai.v35i2.16231,,https://doi.org/10.1609/aaai.v35i2.16231,openalex,transformer energy based model robotics,concept,ebm_transformer,,36,energy based model robotics; benchmark,2026-06-12T18:05:07Z,16.705,17.705
arxiv:2311.13986v1,FViT-Grasp: Grasping Objects With Using Fast Vision Transformers,"This study addresses the challenge of manipulation, a prominent issue in robotics. We have devised a novel methodology for swiftly and precisely identifying the optimal grasp point for a robot to manipulate an object. Our approach leverages a Fast Vision Transformer (FViT), a type of neural network designed for processing visual data and predicting the most suitable grasp location. Demonstrating state-of-the-art performance in terms of speed while maintaining a high level of accuracy, our method holds promise for potential deployment in real-time robotic grasping applications. We believe that this study provides a baseline for future research in vision-based robotic grasp applications. Its high speed and accuracy bring researchers closer to real-life applications.",2023,arXiv,Arda Sarp Yenicesu; Berk Cicek; Ozgur S. Oguz,,2311.13986v1,http://arxiv.org/abs/2311.13986v1,arxiv,analytical grasping,anti_myopia,anti_thesis,,,deployment; analytical grasping,2026-06-12T15:07:36Z,13.700,17.700
doi:10.47363/jaicc/2022(1)e228,Visual Question Answering using Transformer Architectures: Applying Transformer Models to Improve Performance in VQA Tasks,"Visual Question Answering (VQA) programs are an area of subject and field in computer science that seeks to develop technologies that enable the client to answer questions based on displayed images. Bert, Vision Transformers (ViTs), and multimodal transformers have aided the VQA systems significantly in understanding the relations between vision and text data. In this paper, these architectures are considered in relation to the scalability, dynamic attention mechanism, and multimodal pre-trained models of the prior CN-RNN hybrid models’ weaknesses. Feedback activities connected with assistive technologies, healthcare, retail, self-driving vehicles, and creative industries indicate how VQA might be easily introduced and provide examples of likely relative positive and negative societal impacts such as bias, privacy, and inclusion. VQA systems are slowly becoming paramount for improving ac",2022,Journal of Artificial Intelligence & Cloud Computing,Vedant Singh,10.47363/jaicc/2022(1)e228,,https://doi.org/10.47363/jaicc/2022(1)e228,crossref,action transformer,concept,architecture,,6,action transformer,2026-06-12T15:07:36Z,16.673,17.673
doi:10.36227/techrxiv.176118936.69886233/v1,"The Recursive Transformer Model: Architecture, Theory, and Implementation with Persistent Memory Logic Loops","We present the Recursive Transformer Model (RTM), a novel architecture that extends traditional transformer-based systems with recursive memory reconsideration, temporal decay mechanisms, and persistent memory logic loops (PMLL) for maintaining coherent state across inference sessions. RTM addresses the fundamental problem of ""nostalgic incorrectness""-the tendency of stateless AI systems to maintain outdated or contradictory beliefs-through three key innovations: (1) adaptive temporal decay functions that naturally reduce confidence in aging information, (2) multi-dimensional consensus algorithms that validate memories against related information using embedding space geometry, and (3) vector-based contradiction detection integrated with knowledge graph refinement. The Enhanced Reconsideration System (ERS), our production-grade implementation, demonstrates the architectural feasibility o",,,Josef Kurk Edwards,10.36227/techrxiv.176118936.69886233/v1,,https://doi.org/10.36227/techrxiv.176118936.69886233/v1,crossref,trajectory transformer,concept,architecture,,,trajectory transformer; reproducibility,2026-06-12T15:07:36Z,17.650,17.650
doi:10.1142/s0219686728500011,Visual-Haptic Fusion for Contact-Rich Robot Skill Transfer via Diffusion Models,"Contact-rich manipulation in industrial robotics faces significant challenges in skill transfer, where conventional vision-based systems rely on indirect force inference from visual observations. To address this limitation, this study developed a vision-force fusion framework combining visual and haptic measurements through learned attention mechanisms to generate manipulation trajectories satisfying contact constraints. The approach employs diffusion-based iterative refinement conditioned on multimodal observations from RGB-D cameras and force sensors. Experimental validation employed 387 demonstrations from diverse contact-rich assembly tasks using a collaborative robot with multimodal perception. The approach achieved 87.3% success rate across target task variants, outperforming Diffusion Policy (78.6%), Action Chunking Transformer (73.9%), and Behavior Cloning (62.3%), representing a",2026,Journal of Advanced Manufacturing Systems,Hongliang Xing; Yuhang Zhao,10.1142/s0219686728500011,,https://doi.org/10.1142/s0219686728500011,crossref,contact dynamics robot learning,concept,contact,,,diffusion policy; contact rich manipulation; industrial robot; contact dynamics; behavior cloning; limitation; generalization; robustness; ablation,2026-06-12T15:07:36Z,13.650,17.650
doi:10.1609/aaai.v36i7.20722,Transformer with Memory Replay,"Transformers achieve state-of-the-art performance for natural language processing tasks by pre-training on large-scale text corpora. They are extremely compute-intensive and have very high sample complexity. Memory replay is a mechanism that remembers and reuses past examples by saving to and replaying from a memory buffer. It has been successfully used in reinforcement learning and GANs due to better sample efficiency. In this paper, we propose Transformer with Memory Replay, which integrates memory replay with transformer, making transformer more sample efficient. Experiments on GLUE and SQuAD benchmark datasets showed that Transformer with Memory Replay can achieve at least 1% point increase compared to the baseline transformer model when pre-trained with the same number of examples. Further, by adopting a careful design that reduces the wall-clock time overhead of memory replay, we a",2022,Proceedings of the AAAI Conference on Artificial Intelligence,Rui Liu; Barzan Mozafari,10.1609/aaai.v36i7.20722,,https://doi.org/10.1609/aaai.v36i7.20722,openalex,energy based transformer robot policy,concept,ebm_transformer,,2,energy based transformer robot policy; benchmark; sample efficiency,2026-06-12T18:05:07Z,16.649,17.649
doi:10.2139/ssrn.4915247,Cross-Scene Visual Context Parsing with Large Vision-Language Model,,,,Guoqing Zhang; Shichao Kan; Lu Shi; Wanru Xu; Gaoyun An; Yi-Gang Cen,10.2139/ssrn.4915247,,https://doi.org/10.2139/ssrn.4915247,crossref,vision language action model limitation robotics,hostile,failure,,,vision language action model; limitation,2026-06-12T15:07:36Z,12.600,17.600
doi:10.1167/6.6.921,Online action control and the influence of scene-based visual cues,,2010,Journal of Vision,K. Neely; M. Heath,10.1167/6.6.921,,https://doi.org/10.1167/6.6.921,crossref,vision language action model limitation robotics,hostile,failure,,,vision language action model; limitation,2026-06-12T15:07:36Z,12.600,17.600
doi:10.2139/ssrn.6433709,Synergizing Transformers and Residual Kriging for Nationwide Spatiotemporal Haze Early Warning with Large Language Model-based PM Agent,"In recent years, sustainability has emerged as a critical priority in response to escalating environmental degradation, making air pollution control a key challenge. In the context of data-driven urban management, this study proposes Spatiotemporal Aerosol Representation with Transformer (StAR-Former), a hybrid Environmental Intelligence framework designed to address the complexities of spatiotemporal PM2.5 forecasting. Distinct from traditional approaches, StAR-Former decouples temporal modeling from spatial interpolation: it utilizes a lightweight Transformer-based architecture for accurate point forecasting and integrates residual Kriging to construct spatially continuous pollution maps. Using hourly observations from 2020 to 2024, experimental results demonstrate that StAR-Former consistently outperforms benchmark LSTM models and foundation models (i.e. Chronos and Lag-Llama) across ",,,Pu  Yun Kow; Pu  Ern Kow,10.2139/ssrn.6433709,,https://doi.org/10.2139/ssrn.6433709,crossref,large language model limitation robot planning,anti_myopia,anti_thesis,,,limitation; benchmark; generalization; robustness; deployment; large language model limitation robot planning,2026-06-12T15:07:36Z,9.550,17.550
arxiv:2604.07430v1,HY-Embodied-0.5: Embodied Foundation Models for Real-World Agents,"We introduce HY-Embodied-0.5, a family of foundation models specifically designed for real-world embodied agents. To bridge the gap between general Vision-Language Models (VLMs) and the demands of embodied agents, our models are developed to enhance the core capabilities required by embodied intelligence: spatial and temporal visual perception, alongside advanced embodied reasoning for prediction, interaction, and planning. The HY-Embodied-0.5 suite comprises two primary variants: an efficient model with 2B activated parameters designed for edge deployment, and a powerful model with 32B activated parameters targeted for complex reasoning. To support the fine-grained visual perception essential for embodied tasks, we adopt a Mixture-of-Transformers (MoT) architecture to enable modality-specific computing. By incorporating latent tokens, this design effectively enhances the perceptual repr",2026,arXiv,Tencent Robotics X; HY Vision Team; :; Xumin Yu; Zuyan Liu; Ziyi Wang; He Zhang; Yongming Rao; Fangfu Liu; Yani Zhang; Ruowen Zhao; Oran Wang; Yves Liang; Haitao Lin; Minghui Wang; Yubo Dong; Kevin Cheng; Bolin Ni; Rui Huang; Han Hu,,2604.07430v1,http://arxiv.org/abs/2604.07430v1,arxiv,vision language action model limitation robotics,hostile,failure,,,vision language action model; embodied agent; limitation; benchmark; deployment,2026-06-12T14:45:03Z,9.500,17.500
doi:10.1007/s41095-024-0430-4,CLIP-SP: Vision-language model with adaptive prompting for scene parsing,,2024,Computational Visual Media,Jiaao Li; Yixiang Huang; Ming Wu; Bin Zhang; Xu Ji; Chuang Zhang,10.1007/s41095-024-0430-4,,https://doi.org/10.1007/s41095-024-0430-4,crossref,vision language action model limitation robotics,hostile,failure,,8,vision language action model; limitation,2026-06-12T15:07:36Z,12.499,17.499
